[Data],,,,,,,,,,,,,,,,,,,,,,,,,,,,,,,,,,,,,,,,,,,,,,,,
Lane,Sample_ID,Sample_Name,GenomeFolder,Index,bait_name,default_library_type,default_tag_sequence,email_addresses,email_addresses_of_followers,email_addresses_of_managers,email_addresses_of_owners,is_control,is_pool,lane_id,lane_priority,library_name,organism,organism_taxon_id,project_cost_code,project_id,project_name,qc_state,request_id,required_insert_size_range,sample_accession_number,sample_cohort,sample_common_name,sample_consent_withdrawn,sample_description,sample_donor_id,sample_id,sample_name,sample_public_name,sample_reference_genome,sample_supplier_name,spiked_phix_tag_index,study_accession_number,study_alignments_in_bam,study_contains_nonconsented_human,study_contains_nonconsented_xahuman,study_description,study_id,study_name,study_reference_genome,study_separate_y_chromosome_data,study_title,tag_index,
1,14208347,EGAN00001099789,,ATCACGTT,,Standard,ATCACGTT,dw2@sanger.ac.uk eag@sanger.ac.uk ez1@sanger.ac.uk njl@sanger.ac.uk,dw2@sanger.ac.uk njl@sanger.ac.uk,eag@sanger.ac.uk,ez1@sanger.ac.uk,0,0,,,,,9606,S0823,1865,15X WGS ISOLATES     ,,,from:450 to:450,EGAN00001099789,,Homo Sapien,,,,1582484,SC_SEPI5488629,,,,888,EGAS00001001208,1,0,0,15x whole genome sequencing in samples from the Greek isolated collection HELIC Pomak.,3597,IHTP_MWGS_HELICPomak,Homo_sapiens (GRCh38_full_analysis_set_plus_decoy_hla),,15x WGS HELIC Pomak,1,
1,14208348,EGAN00001099799,,GATCAGCG,,Standard,GATCAGCG,dw2@sanger.ac.uk eag@sanger.ac.uk ez1@sanger.ac.uk njl@sanger.ac.uk,dw2@sanger.ac.uk njl@sanger.ac.uk,eag@sanger.ac.uk,ez1@sanger.ac.uk,0,0,,,,,9606,S0823,1865,15X WGS ISOLATES     ,,,from:450 to:450,EGAN00001099799,,Homo Sapien,,,,1582494,SC_SEPI5488639,,,,888,EGAS00001001208,1,0,0,15x whole genome sequencing in samples from the Greek isolated collection HELIC Pomak.,3597,IHTP_MWGS_HELICPomak,Homo_sapiens (GRCh38_full_analysis_set_plus_decoy_hla),,15x WGS HELIC Pomak,9,
2,14208359,EGAN00001099790,,CGATGTTT,,Standard,CGATGTTT,dw2@sanger.ac.uk eag@sanger.ac.uk ez1@sanger.ac.uk njl@sanger.ac.uk,dw2@sanger.ac.uk njl@sanger.ac.uk,eag@sanger.ac.uk,ez1@sanger.ac.uk,0,0,,,,,9606,S0823,1865,15X WGS ISOLATES     ,,,from:450 to:450,EGAN00001099790,,Homo Sapien,,,,1582485,SC_SEPI5488630,,,,888,EGAS00001001208,1,0,0,15x whole genome sequencing in samples from the Greek isolated collection HELIC Pomak.,3597,IHTP_MWGS_HELICPomak,Homo_sapiens (GRCh38_full_analysis_set_plus_decoy_hla),,15x WGS HELIC Pomak,2,
2,14208360,EGAN00001099800,,TAGCTTGT,,Standard,TAGCTTGT,dw2@sanger.ac.uk eag@sanger.ac.uk ez1@sanger.ac.uk njl@sanger.ac.uk,dw2@sanger.ac.uk njl@sanger.ac.uk,eag@sanger.ac.uk,ez1@sanger.ac.uk,0,0,,,,,9606,S0823,1865,15X WGS ISOLATES     ,,,from:450 to:450,EGAN00001099800,,Homo Sapien,,,,1582495,SC_SEPI5488640,,,,888,EGAS00001001208,1,0,0,15x whole genome sequencing in samples from the Greek isolated collection HELIC Pomak.,3597,IHTP_MWGS_HELICPomak,Homo_sapiens (GRCh38_full_analysis_set_plus_decoy_hla),,15x WGS HELIC Pomak,10,
2,14208361,EGAN00001099810,,TTCTGTGT,,Standard,TTCTGTGT,dw2@sanger.ac.uk eag@sanger.ac.uk ez1@sanger.ac.uk njl@sanger.ac.uk,dw2@sanger.ac.uk njl@sanger.ac.uk,eag@sanger.ac.uk,ez1@sanger.ac.uk,0,0,,,,,9606,S0823,1865,15X WGS ISOLATES     ,,,from:450 to:450,EGAN00001099810,,Homo Sapien,,,,1582505,SC_SEPI5488650,,,,888,EGAS00001001208,1,0,0,15x whole genome sequencing in samples from the Greek isolated collection HELIC Pomak.,3597,IHTP_MWGS_HELICPomak,Homo_sapiens (GRCh38_full_analysis_set_plus_decoy_hla),,15x WGS HELIC Pomak,18,
2,14208362,EGAN00001099820,,TTCCTGCT,,Standard,TTCCTGCT,dw2@sanger.ac.uk eag@sanger.ac.uk ez1@sanger.ac.uk njl@sanger.ac.uk,dw2@sanger.ac.uk njl@sanger.ac.uk,eag@sanger.ac.uk,ez1@sanger.ac.uk,0,0,,,,,9606,S0823,1865,15X WGS ISOLATES     ,,,from:450 to:450,EGAN00001099820,,Homo Sapien,,,,1582515,SC_SEPI5488660,,,,888,EGAS00001001208,1,0,0,15x whole genome sequencing in samples from the Greek isolated collection HELIC Pomak.,3597,IHTP_MWGS_HELICPomak,Homo_sapiens (GRCh38_full_analysis_set_plus_decoy_hla),,15x WGS HELIC Pomak,26,
2,14208363,EGAN00001099830,,TAACGCTG,,Standard,TAACGCTG,dw2@sanger.ac.uk eag@sanger.ac.uk ez1@sanger.ac.uk njl@sanger.ac.uk,dw2@sanger.ac.uk njl@sanger.ac.uk,eag@sanger.ac.uk,ez1@sanger.ac.uk,0,0,,,,,9606,S0823,1865,15X WGS ISOLATES     ,,,from:450 to:450,EGAN00001099830,,Homo Sapien,,,,1582525,SC_SEPI5488670,,,,888,EGAS00001001208,1,0,0,15x whole genome sequencing in samples from the Greek isolated collection HELIC Pomak.,3597,IHTP_MWGS_HELICPomak,Homo_sapiens (GRCh38_full_analysis_set_plus_decoy_hla),,15x WGS HELIC Pomak,34,
2,14208364,EGAN00001099842,,TGTATGCG,,Standard,TGTATGCG,dw2@sanger.ac.uk eag@sanger.ac.uk ez1@sanger.ac.uk njl@sanger.ac.uk,dw2@sanger.ac.uk njl@sanger.ac.uk,eag@sanger.ac.uk,ez1@sanger.ac.uk,0,0,,,,,9606,S0823,1865,15X WGS ISOLATES     ,,,from:450 to:450,EGAN00001099842,,Homo Sapien,,,,1582537,SC_SEPI5488682,,,,888,EGAS00001001208,1,0,0,15x whole genome sequencing in samples from the Greek isolated collection HELIC Pomak.,3597,IHTP_MWGS_HELICPomak,Homo_sapiens (GRCh38_full_analysis_set_plus_decoy_hla),,15x WGS HELIC Pomak,42,
2,14208365,EGAN00001099852,,TATGTGGC,,Standard,TATGTGGC,dw2@sanger.ac.uk eag@sanger.ac.uk ez1@sanger.ac.uk njl@sanger.ac.uk,dw2@sanger.ac.uk njl@sanger.ac.uk,eag@sanger.ac.uk,ez1@sanger.ac.uk,0,0,,,,,9606,S0823,1865,15X WGS ISOLATES     ,,,from:450 to:450,EGAN00001099852,,Homo Sapien,,,,1582548,SC_SEPI5488693,,,,888,EGAS00001001208,1,0,0,15x whole genome sequencing in samples from the Greek isolated collection HELIC Pomak.,3597,IHTP_MWGS_HELICPomak,Homo_sapiens (GRCh38_full_analysis_set_plus_decoy_hla),,15x WGS HELIC Pomak,50,
2,14208366,EGAN00001099862,,TGACAGAC,,Standard,TGACAGAC,dw2@sanger.ac.uk eag@sanger.ac.uk ez1@sanger.ac.uk njl@sanger.ac.uk,dw2@sanger.ac.uk njl@sanger.ac.uk,eag@sanger.ac.uk,ez1@sanger.ac.uk,0,0,,,,,9606,S0823,1865,15X WGS ISOLATES     ,,,from:450 to:450,EGAN00001099862,,Homo Sapien,,,,1582558,SC_SEPI5488703,,,,888,EGAS00001001208,1,0,0,15x whole genome sequencing in samples from the Greek isolated collection HELIC Pomak.,3597,IHTP_MWGS_HELICPomak,Homo_sapiens (GRCh38_full_analysis_set_plus_decoy_hla),,15x WGS HELIC Pomak,58,
2,14208367,EGAN00001099872,,TGAAGCCA,,Standard,TGAAGCCA,dw2@sanger.ac.uk eag@sanger.ac.uk ez1@sanger.ac.uk njl@sanger.ac.uk,dw2@sanger.ac.uk njl@sanger.ac.uk,eag@sanger.ac.uk,ez1@sanger.ac.uk,0,0,,,,,9606,S0823,1865,15X WGS ISOLATES     ,,,from:450 to:450,EGAN00001099872,,Homo Sapien,,,,1582568,SC_SEPI5488713,,,,888,EGAS00001001208,1,0,0,15x whole genome sequencing in samples from the Greek isolated collection HELIC Pomak.,3597,IHTP_MWGS_HELICPomak,Homo_sapiens (GRCh38_full_analysis_set_plus_decoy_hla),,15x WGS HELIC Pomak,66,
2,14208368,EGAN00001099883,,GGTCGTGT,,Standard,GGTCGTGT,dw2@sanger.ac.uk eag@sanger.ac.uk ez1@sanger.ac.uk njl@sanger.ac.uk,dw2@sanger.ac.uk njl@sanger.ac.uk,eag@sanger.ac.uk,ez1@sanger.ac.uk,0,0,,,,,9606,S0823,1865,15X WGS ISOLATES     ,,,from:450 to:450,EGAN00001099883,,Homo Sapien,,,,1582579,SC_SEPI5488724,,,,888,EGAS00001001208,1,0,0,15x whole genome sequencing in samples from the Greek isolated collection HELIC Pomak.,3597,IHTP_MWGS_HELICPomak,Homo_sapiens (GRCh38_full_analysis_set_plus_decoy_hla),,15x WGS HELIC Pomak,74,
2,14208369,EGAN00001099891,,GAGCCAAT,,Standard,GAGCCAAT,dw2@sanger.ac.uk eag@sanger.ac.uk ez1@sanger.ac.uk njl@sanger.ac.uk,dw2@sanger.ac.uk njl@sanger.ac.uk,eag@sanger.ac.uk,ez1@sanger.ac.uk,0,0,,,,,9606,S0823,1865,15X WGS ISOLATES     ,,,from:450 to:450,EGAN00001099891,,Homo Sapien,,,,1582587,SC_SEPI5488732,,,,888,EGAS00001001208,1,0,0,15x whole genome sequencing in samples from the Greek isolated collection HELIC Pomak.,3597,IHTP_MWGS_HELICPomak,Homo_sapiens (GRCh38_full_analysis_set_plus_decoy_hla),,15x WGS HELIC Pomak,82,
2,14208370,EGAN00001099902,,GCAATCCG,,Standard,GCAATCCG,dw2@sanger.ac.uk eag@sanger.ac.uk ez1@sanger.ac.uk njl@sanger.ac.uk,dw2@sanger.ac.uk njl@sanger.ac.uk,eag@sanger.ac.uk,ez1@sanger.ac.uk,0,0,,,,,9606,S0823,1865,15X WGS ISOLATES     ,,,from:450 to:450,EGAN00001099902,,Homo Sapien,,,,1582598,SC_SEPI5488743,,,,888,EGAS00001001208,1,0,0,15x whole genome sequencing in samples from the Greek isolated collection HELIC Pomak.,3597,IHTP_MWGS_HELICPomak,Homo_sapiens (GRCh38_full_analysis_set_plus_decoy_hla),,15x WGS HELIC Pomak,90,
2,12172503,phiX_for_spiked_buffers,,ACAACGCAATC,,,ACAACGCAATC,hps@sanger.ac.uk,,hps@sanger.ac.uk,hps@sanger.ac.uk,1,0,,,PhiXBPS24Oct14,,10847,,,,,,,,,,,,,1255141,phiX_for_spiked_buffers,,,,888,,1,0,0,None,198,Illumina Controls,,,,888,
3,14208371,EGAN00001099791,,TTAGGCAT,,Standard,TTAGGCAT,dw2@sanger.ac.uk eag@sanger.ac.uk ez1@sanger.ac.uk njl@sanger.ac.uk,dw2@sanger.ac.uk njl@sanger.ac.uk,eag@sanger.ac.uk,ez1@sanger.ac.uk,0,0,,,,,9606,S0823,1865,15X WGS ISOLATES     ,,,from:450 to:450,EGAN00001099791,,Homo Sapien,,,,1582486,SC_SEPI5488631,,,,888,EGAS00001001208,1,0,0,15x whole genome sequencing in samples from the Greek isolated collection HELIC Pomak.,3597,IHTP_MWGS_HELICPomak,Homo_sapiens (GRCh38_full_analysis_set_plus_decoy_hla),,15x WGS HELIC Pomak,3,
3,14208372,EGAN00001099801,,GGCTACAG,,Standard,GGCTACAG,dw2@sanger.ac.uk eag@sanger.ac.uk ez1@sanger.ac.uk njl@sanger.ac.uk,dw2@sanger.ac.uk njl@sanger.ac.uk,eag@sanger.ac.uk,ez1@sanger.ac.uk,0,0,,,,,9606,S0823,1865,15X WGS ISOLATES     ,,,from:450 to:450,EGAN00001099801,,Homo Sapien,,,,1582496,SC_SEPI5488641,,,,888,EGAS00001001208,1,0,0,15x whole genome sequencing in samples from the Greek isolated collection HELIC Pomak.,3597,IHTP_MWGS_HELICPomak,Homo_sapiens (GRCh38_full_analysis_set_plus_decoy_hla),,15x WGS HELIC Pomak,11,
3,14208373,EGAN00001099812,,TCTGCTGT,,Standard,TCTGCTGT,dw2@sanger.ac.uk eag@sanger.ac.uk ez1@sanger.ac.uk njl@sanger.ac.uk,dw2@sanger.ac.uk njl@sanger.ac.uk,eag@sanger.ac.uk,ez1@sanger.ac.uk,0,0,,,,,9606,S0823,1865,15X WGS ISOLATES     ,,,from:450 to:450,EGAN00001099812,,Homo Sapien,,,,1582507,SC_SEPI5488652,,,,888,EGAS00001001208,1,0,0,15x whole genome sequencing in samples from the Greek isolated collection HELIC Pomak.,3597,IHTP_MWGS_HELICPomak,Homo_sapiens (GRCh38_full_analysis_set_plus_decoy_hla),,15x WGS HELIC Pomak,19,
3,14208374,EGAN00001099822,,TAGTGACT,,Standard,TAGTGACT,dw2@sanger.ac.uk eag@sanger.ac.uk ez1@sanger.ac.uk njl@sanger.ac.uk,dw2@sanger.ac.uk njl@sanger.ac.uk,eag@sanger.ac.uk,ez1@sanger.ac.uk,0,0,,,,,9606,S0823,1865,15X WGS ISOLATES     ,,,from:450 to:450,EGAN00001099822,,Homo Sapien,,,,1582517,SC_SEPI5488662,,,,888,EGAS00001001208,1,0,0,15x whole genome sequencing in samples from the Greek isolated collection HELIC Pomak.,3597,IHTP_MWGS_HELICPomak,Homo_sapiens (GRCh38_full_analysis_set_plus_decoy_hla),,15x WGS HELIC Pomak,27,
3,14208375,EGAN00001099832,,TTGGTATG,,Standard,TTGGTATG,dw2@sanger.ac.uk eag@sanger.ac.uk ez1@sanger.ac.uk njl@sanger.ac.uk,dw2@sanger.ac.uk njl@sanger.ac.uk,eag@sanger.ac.uk,ez1@sanger.ac.uk,0,0,,,,,9606,S0823,1865,15X WGS ISOLATES     ,,,from:450 to:450,EGAN00001099832,,Homo Sapien,,,,1582527,SC_SEPI5488672,,,,888,EGAS00001001208,1,0,0,15x whole genome sequencing in samples from the Greek isolated collection HELIC Pomak.,3597,IHTP_MWGS_HELICPomak,Homo_sapiens (GRCh38_full_analysis_set_plus_decoy_hla),,15x WGS HELIC Pomak,35,
3,14208376,EGAN00001099843,,TCATTGAG,,Standard,TCATTGAG,dw2@sanger.ac.uk eag@sanger.ac.uk ez1@sanger.ac.uk njl@sanger.ac.uk,dw2@sanger.ac.uk njl@sanger.ac.uk,eag@sanger.ac.uk,ez1@sanger.ac.uk,0,0,,,,,9606,S0823,1865,15X WGS ISOLATES     ,,,from:450 to:450,EGAN00001099843,,Homo Sapien,,,,1582538,SC_SEPI5488683,,,,888,EGAS00001001208,1,0,0,15x whole genome sequencing in samples from the Greek isolated collection HELIC Pomak.,3597,IHTP_MWGS_HELICPomak,Homo_sapiens (GRCh38_full_analysis_set_plus_decoy_hla),,15x WGS HELIC Pomak,43,
3,14208377,EGAN00001099853,,TTACTCGC,,Standard,TTACTCGC,dw2@sanger.ac.uk eag@sanger.ac.uk ez1@sanger.ac.uk njl@sanger.ac.uk,dw2@sanger.ac.uk njl@sanger.ac.uk,eag@sanger.ac.uk,ez1@sanger.ac.uk,0,0,,,,,9606,S0823,1865,15X WGS ISOLATES     ,,,from:450 to:450,EGAN00001099853,,Homo Sapien,,,,1582549,SC_SEPI5488694,,,,888,EGAS00001001208,1,0,0,15x whole genome sequencing in samples from the Greek isolated collection HELIC Pomak.,3597,IHTP_MWGS_HELICPomak,Homo_sapiens (GRCh38_full_analysis_set_plus_decoy_hla),,15x WGS HELIC Pomak,51,
3,14208378,EGAN00001099863,,TAGAACAC,,Standard,TAGAACAC,dw2@sanger.ac.uk eag@sanger.ac.uk ez1@sanger.ac.uk njl@sanger.ac.uk,dw2@sanger.ac.uk njl@sanger.ac.uk,eag@sanger.ac.uk,ez1@sanger.ac.uk,0,0,,,,,9606,S0823,1865,15X WGS ISOLATES     ,,,from:450 to:450,EGAN00001099863,,Homo Sapien,,,,1582559,SC_SEPI5488704,,,,888,EGAS00001001208,1,0,0,15x whole genome sequencing in samples from the Greek isolated collection HELIC Pomak.,3597,IHTP_MWGS_HELICPomak,Homo_sapiens (GRCh38_full_analysis_set_plus_decoy_hla),,15x WGS HELIC Pomak,59,
3,14208379,EGAN00001099873,,TACCACCA,,Standard,TACCACCA,dw2@sanger.ac.uk eag@sanger.ac.uk ez1@sanger.ac.uk njl@sanger.ac.uk,dw2@sanger.ac.uk njl@sanger.ac.uk,eag@sanger.ac.uk,ez1@sanger.ac.uk,0,0,,,,,9606,S0823,1865,15X WGS ISOLATES     ,,,from:450 to:450,EGAN00001099873,,Homo Sapien,,,,1582569,SC_SEPI5488714,,,,888,EGAS00001001208,1,0,0,15x whole genome sequencing in samples from the Greek isolated collection HELIC Pomak.,3597,IHTP_MWGS_HELICPomak,Homo_sapiens (GRCh38_full_analysis_set_plus_decoy_hla),,15x WGS HELIC Pomak,67,
3,14208380,EGAN00001099884,,GAATCTGT,,Standard,GAATCTGT,dw2@sanger.ac.uk eag@sanger.ac.uk ez1@sanger.ac.uk njl@sanger.ac.uk,dw2@sanger.ac.uk njl@sanger.ac.uk,eag@sanger.ac.uk,ez1@sanger.ac.uk,0,0,,,,,9606,S0823,1865,15X WGS ISOLATES     ,,,from:450 to:450,EGAN00001099884,,Homo Sapien,,,,1582580,SC_SEPI5488725,,,,888,EGAS00001001208,1,0,0,15x whole genome sequencing in samples from the Greek isolated collection HELIC Pomak.,3597,IHTP_MWGS_HELICPomak,Homo_sapiens (GRCh38_full_analysis_set_plus_decoy_hla),,15x WGS HELIC Pomak,75,
3,14208381,EGAN00001099893,,GCTCCTTG,,Standard,GCTCCTTG,dw2@sanger.ac.uk eag@sanger.ac.uk ez1@sanger.ac.uk njl@sanger.ac.uk,dw2@sanger.ac.uk njl@sanger.ac.uk,eag@sanger.ac.uk,ez1@sanger.ac.uk,0,0,,,,,9606,S0823,1865,15X WGS ISOLATES     ,,,from:450 to:450,EGAN00001099893,,Homo Sapien,,,,1582589,SC_SEPI5488734,,,,888,EGAS00001001208,1,0,0,15x whole genome sequencing in samples from the Greek isolated collection HELIC Pomak.,3597,IHTP_MWGS_HELICPomak,Homo_sapiens (GRCh38_full_analysis_set_plus_decoy_hla),,15x WGS HELIC Pomak,83,
3,14208382,EGAN00001099903,,GACCTTAG,,Standard,GACCTTAG,dw2@sanger.ac.uk eag@sanger.ac.uk ez1@sanger.ac.uk njl@sanger.ac.uk,dw2@sanger.ac.uk njl@sanger.ac.uk,eag@sanger.ac.uk,ez1@sanger.ac.uk,0,0,,,,,9606,S0823,1865,15X WGS ISOLATES     ,,,from:450 to:450,EGAN00001099903,,Homo Sapien,,,,1582599,SC_SEPI5488744,,,,888,EGAS00001001208,1,0,0,15x whole genome sequencing in samples from the Greek isolated collection HELIC Pomak.,3597,IHTP_MWGS_HELICPomak,Homo_sapiens (GRCh38_full_analysis_set_plus_decoy_hla),,15x WGS HELIC Pomak,91,
3,12172503,phiX_for_spiked_buffers,,ACAACGCAATC,,,ACAACGCAATC,hps@sanger.ac.uk,,hps@sanger.ac.uk,hps@sanger.ac.uk,1,0,,,PhiXBPS24Oct14,,10847,,,,,,,,,,,,,1255141,phiX_for_spiked_buffers,,,,888,,1,0,0,None,198,Illumina Controls,,,,888,
4,14208383,EGAN00001099792,,TGACCACT,,Standard,TGACCACT,dw2@sanger.ac.uk eag@sanger.ac.uk ez1@sanger.ac.uk njl@sanger.ac.uk,dw2@sanger.ac.uk njl@sanger.ac.uk,eag@sanger.ac.uk,ez1@sanger.ac.uk,0,0,,,,,9606,S0823,1865,15X WGS ISOLATES     ,,,from:450 to:450,EGAN00001099792,,Homo Sapien,,,,1582487,SC_SEPI5488632,,,,888,EGAS00001001208,1,0,0,15x whole genome sequencing in samples from the Greek isolated collection HELIC Pomak.,3597,IHTP_MWGS_HELICPomak,Homo_sapiens (GRCh38_full_analysis_set_plus_decoy_hla),,15x WGS HELIC Pomak,4,
4,14208384,EGAN00001099802,,CTTGTACT,,Standard,CTTGTACT,dw2@sanger.ac.uk eag@sanger.ac.uk ez1@sanger.ac.uk njl@sanger.ac.uk,dw2@sanger.ac.uk njl@sanger.ac.uk,eag@sanger.ac.uk,ez1@sanger.ac.uk,0,0,,,,,9606,S0823,1865,15X WGS ISOLATES     ,,,from:450 to:450,EGAN00001099802,,Homo Sapien,,,,1582497,SC_SEPI5488642,,,,888,EGAS00001001208,1,0,0,15x whole genome sequencing in samples from the Greek isolated collection HELIC Pomak.,3597,IHTP_MWGS_HELICPomak,Homo_sapiens (GRCh38_full_analysis_set_plus_decoy_hla),,15x WGS HELIC Pomak,12,
4,14208385,EGAN00001099813,,TTGGAGGT,,Standard,TTGGAGGT,dw2@sanger.ac.uk eag@sanger.ac.uk ez1@sanger.ac.uk njl@sanger.ac.uk,dw2@sanger.ac.uk njl@sanger.ac.uk,eag@sanger.ac.uk,ez1@sanger.ac.uk,0,0,,,,,9606,S0823,1865,15X WGS ISOLATES     ,,,from:450 to:450,EGAN00001099813,,Homo Sapien,,,,1582508,SC_SEPI5488653,,,,888,EGAS00001001208,1,0,0,15x whole genome sequencing in samples from the Greek isolated collection HELIC Pomak.,3597,IHTP_MWGS_HELICPomak,Homo_sapiens (GRCh38_full_analysis_set_plus_decoy_hla),,15x WGS HELIC Pomak,20,
4,14208386,EGAN00001099823,,TACAGGAT,,Standard,TACAGGAT,dw2@sanger.ac.uk eag@sanger.ac.uk ez1@sanger.ac.uk njl@sanger.ac.uk,dw2@sanger.ac.uk njl@sanger.ac.uk,eag@sanger.ac.uk,ez1@sanger.ac.uk,0,0,,,,,9606,S0823,1865,15X WGS ISOLATES     ,,,from:450 to:450,EGAN00001099823,,Homo Sapien,,,,1582518,SC_SEPI5488663,,,,888,EGAS00001001208,1,0,0,15x whole genome sequencing in samples from the Greek isolated collection HELIC Pomak.,3597,IHTP_MWGS_HELICPomak,Homo_sapiens (GRCh38_full_analysis_set_plus_decoy_hla),,15x WGS HELIC Pomak,28,
4,14208387,EGAN00001099833,,TGAACTGG,,Standard,TGAACTGG,dw2@sanger.ac.uk eag@sanger.ac.uk ez1@sanger.ac.uk njl@sanger.ac.uk,dw2@sanger.ac.uk njl@sanger.ac.uk,eag@sanger.ac.uk,ez1@sanger.ac.uk,0,0,,,,,9606,S0823,1865,15X WGS ISOLATES     ,,,from:450 to:450,EGAN00001099833,,Homo Sapien,,,,1582528,SC_SEPI5488673,,,,888,EGAS00001001208,1,0,0,15x whole genome sequencing in samples from the Greek isolated collection HELIC Pomak.,3597,IHTP_MWGS_HELICPomak,Homo_sapiens (GRCh38_full_analysis_set_plus_decoy_hla),,15x WGS HELIC Pomak,36,
4,14208388,EGAN00001099844,,TGGCTCAG,,Standard,TGGCTCAG,dw2@sanger.ac.uk eag@sanger.ac.uk ez1@sanger.ac.uk njl@sanger.ac.uk,dw2@sanger.ac.uk njl@sanger.ac.uk,eag@sanger.ac.uk,ez1@sanger.ac.uk,0,0,,,,,9606,S0823,1865,15X WGS ISOLATES     ,,,from:450 to:450,EGAN00001099844,,Homo Sapien,,,,1582539,SC_SEPI5488684,,,,888,EGAS00001001208,1,0,0,15x whole genome sequencing in samples from the Greek isolated collection HELIC Pomak.,3597,IHTP_MWGS_HELICPomak,Homo_sapiens (GRCh38_full_analysis_set_plus_decoy_hla),,15x WGS HELIC Pomak,44,
4,14208389,EGAN00001099854,,TCGTTAGC,,Standard,TCGTTAGC,dw2@sanger.ac.uk eag@sanger.ac.uk ez1@sanger.ac.uk njl@sanger.ac.uk,dw2@sanger.ac.uk njl@sanger.ac.uk,eag@sanger.ac.uk,ez1@sanger.ac.uk,0,0,,,,,9606,S0823,1865,15X WGS ISOLATES     ,,,from:450 to:450,EGAN00001099854,,Homo Sapien,,,,1582550,SC_SEPI5488695,,,,888,EGAS00001001208,1,0,0,15x whole genome sequencing in samples from the Greek isolated collection HELIC Pomak.,3597,IHTP_MWGS_HELICPomak,Homo_sapiens (GRCh38_full_analysis_set_plus_decoy_hla),,15x WGS HELIC Pomak,52,
4,14208390,EGAN00001099864,,TCATCCTA,,Standard,TCATCCTA,dw2@sanger.ac.uk eag@sanger.ac.uk ez1@sanger.ac.uk njl@sanger.ac.uk,dw2@sanger.ac.uk njl@sanger.ac.uk,eag@sanger.ac.uk,ez1@sanger.ac.uk,0,0,,,,,9606,S0823,1865,15X WGS ISOLATES     ,,,from:450 to:450,EGAN00001099864,,Homo Sapien,,,,1582560,SC_SEPI5488705,,,,888,EGAS00001001208,1,0,0,15x whole genome sequencing in samples from the Greek isolated collection HELIC Pomak.,3597,IHTP_MWGS_HELICPomak,Homo_sapiens (GRCh38_full_analysis_set_plus_decoy_hla),,15x WGS HELIC Pomak,60,
4,14208391,EGAN00001099874,,TGCGTGAA,,Standard,TGCGTGAA,dw2@sanger.ac.uk eag@sanger.ac.uk ez1@sanger.ac.uk njl@sanger.ac.uk,dw2@sanger.ac.uk njl@sanger.ac.uk,eag@sanger.ac.uk,ez1@sanger.ac.uk,0,0,,,,,9606,S0823,1865,15X WGS ISOLATES     ,,,from:450 to:450,EGAN00001099874,,Homo Sapien,,,,1582570,SC_SEPI5488715,,,,888,EGAS00001001208,1,0,0,15x whole genome sequencing in samples from the Greek isolated collection HELIC Pomak.,3597,IHTP_MWGS_HELICPomak,Homo_sapiens (GRCh38_full_analysis_set_plus_decoy_hla),,15x WGS HELIC Pomak,68,
4,14208392,EGAN00001099885,,GTACATCT,,Standard,GTACATCT,dw2@sanger.ac.uk eag@sanger.ac.uk ez1@sanger.ac.uk njl@sanger.ac.uk,dw2@sanger.ac.uk njl@sanger.ac.uk,eag@sanger.ac.uk,ez1@sanger.ac.uk,0,0,,,,,9606,S0823,1865,15X WGS ISOLATES     ,,,from:450 to:450,EGAN00001099885,,Homo Sapien,,,,1582581,SC_SEPI5488726,,,,888,EGAS00001001208,1,0,0,15x whole genome sequencing in samples from the Greek isolated collection HELIC Pomak.,3597,IHTP_MWGS_HELICPomak,Homo_sapiens (GRCh38_full_analysis_set_plus_decoy_hla),,15x WGS HELIC Pomak,76,
4,14208393,EGAN00001099894,,GTAAGGTG,,Standard,GTAAGGTG,dw2@sanger.ac.uk eag@sanger.ac.uk ez1@sanger.ac.uk njl@sanger.ac.uk,dw2@sanger.ac.uk njl@sanger.ac.uk,eag@sanger.ac.uk,ez1@sanger.ac.uk,0,0,,,,,9606,S0823,1865,15X WGS ISOLATES     ,,,from:450 to:450,EGAN00001099894,,Homo Sapien,,,,1582590,SC_SEPI5488735,,,,888,EGAS00001001208,1,0,0,15x whole genome sequencing in samples from the Greek isolated collection HELIC Pomak.,3597,IHTP_MWGS_HELICPomak,Homo_sapiens (GRCh38_full_analysis_set_plus_decoy_hla),,15x WGS HELIC Pomak,84,
4,14208394,EGAN00001099904,,GCCTGTTC,,Standard,GCCTGTTC,dw2@sanger.ac.uk eag@sanger.ac.uk ez1@sanger.ac.uk njl@sanger.ac.uk,dw2@sanger.ac.uk njl@sanger.ac.uk,eag@sanger.ac.uk,ez1@sanger.ac.uk,0,0,,,,,9606,S0823,1865,15X WGS ISOLATES     ,,,from:450 to:450,EGAN00001099904,,Homo Sapien,,,,1582600,SC_SEPI5488745,,,,888,EGAS00001001208,1,0,0,15x whole genome sequencing in samples from the Greek isolated collection HELIC Pomak.,3597,IHTP_MWGS_HELICPomak,Homo_sapiens (GRCh38_full_analysis_set_plus_decoy_hla),,15x WGS HELIC Pomak,92,
4,12172503,phiX_for_spiked_buffers,,ACAACGCAATC,,,ACAACGCAATC,hps@sanger.ac.uk,,hps@sanger.ac.uk,hps@sanger.ac.uk,1,0,,,PhiXBPS24Oct14,,10847,,,,,,,,,,,,,1255141,phiX_for_spiked_buffers,,,,888,,1,0,0,None,198,Illumina Controls,,,,888,
5,14208395,EGAN00001173216,,ACAGTGGT,,Standard,ACAGTGGT,dw2@sanger.ac.uk eag@sanger.ac.uk ez1@sanger.ac.uk njl@sanger.ac.uk,dw2@sanger.ac.uk njl@sanger.ac.uk,eag@sanger.ac.uk,ez1@sanger.ac.uk,0,0,,,,,9606,S0823,1865,15X WGS ISOLATES     ,,,from:450 to:450,EGAN00001173216,,Homo Sapien,,,,1655934,SC_SEPI5559202,,,,888,EGAS00001001208,1,0,0,15x whole genome sequencing in samples from the Greek isolated collection HELIC Pomak.,3597,IHTP_MWGS_HELICPomak,Homo_sapiens (GRCh38_full_analysis_set_plus_decoy_hla),,15x WGS HELIC Pomak,5,
5,14208396,EGAN00001099804,,TGGTTGTT,,Standard,TGGTTGTT,dw2@sanger.ac.uk eag@sanger.ac.uk ez1@sanger.ac.uk njl@sanger.ac.uk,dw2@sanger.ac.uk njl@sanger.ac.uk,eag@sanger.ac.uk,ez1@sanger.ac.uk,0,0,,,,,9606,S0823,1865,15X WGS ISOLATES     ,,,from:450 to:450,EGAN00001099804,,Homo Sapien,,,,1582499,SC_SEPI5488644,,,,888,EGAS00001001208,1,0,0,15x whole genome sequencing in samples from the Greek isolated collection HELIC Pomak.,3597,IHTP_MWGS_HELICPomak,Homo_sapiens (GRCh38_full_analysis_set_plus_decoy_hla),,15x WGS HELIC Pomak,13,
5,14208397,EGAN00001099814,,TCGAGCGT,,Standard,TCGAGCGT,dw2@sanger.ac.uk eag@sanger.ac.uk ez1@sanger.ac.uk njl@sanger.ac.uk,dw2@sanger.ac.uk njl@sanger.ac.uk,eag@sanger.ac.uk,ez1@sanger.ac.uk,0,0,,,,,9606,S0823,1865,15X WGS ISOLATES     ,,,from:450 to:450,EGAN00001099814,,Homo Sapien,,,,1582509,SC_SEPI5488654,,,,888,EGAS00001001208,1,0,0,15x whole genome sequencing in samples from the Greek isolated collection HELIC Pomak.,3597,IHTP_MWGS_HELICPomak,Homo_sapiens (GRCh38_full_analysis_set_plus_decoy_hla),,15x WGS HELIC Pomak,21,
5,14208398,EGAN00001099824,,TCCTCAAT,,Standard,TCCTCAAT,dw2@sanger.ac.uk eag@sanger.ac.uk ez1@sanger.ac.uk njl@sanger.ac.uk,dw2@sanger.ac.uk njl@sanger.ac.uk,eag@sanger.ac.uk,ez1@sanger.ac.uk,0,0,,,,,9606,S0823,1865,15X WGS ISOLATES     ,,,from:450 to:450,EGAN00001099824,,Homo Sapien,,,,1582519,SC_SEPI5488664,,,,888,EGAS00001001208,1,0,0,15x whole genome sequencing in samples from the Greek isolated collection HELIC Pomak.,3597,IHTP_MWGS_HELICPomak,Homo_sapiens (GRCh38_full_analysis_set_plus_decoy_hla),,15x WGS HELIC Pomak,29,
5,14208399,EGAN00001099836,,TACTTCGG,,Standard,TACTTCGG,dw2@sanger.ac.uk eag@sanger.ac.uk ez1@sanger.ac.uk njl@sanger.ac.uk,dw2@sanger.ac.uk njl@sanger.ac.uk,eag@sanger.ac.uk,ez1@sanger.ac.uk,0,0,,,,,9606,S0823,1865,15X WGS ISOLATES     ,,,from:450 to:450,EGAN00001099836,,Homo Sapien,,,,1582531,SC_SEPI5488676,,,,888,EGAS00001001208,1,0,0,15x whole genome sequencing in samples from the Greek isolated collection HELIC Pomak.,3597,IHTP_MWGS_HELICPomak,Homo_sapiens (GRCh38_full_analysis_set_plus_decoy_hla),,15x WGS HELIC Pomak,37,
5,14208400,EGAN00001099845,,TATGCCAG,,Standard,TATGCCAG,dw2@sanger.ac.uk eag@sanger.ac.uk ez1@sanger.ac.uk njl@sanger.ac.uk,dw2@sanger.ac.uk njl@sanger.ac.uk,eag@sanger.ac.uk,ez1@sanger.ac.uk,0,0,,,,,9606,S0823,1865,15X WGS ISOLATES     ,,,from:450 to:450,EGAN00001099845,,Homo Sapien,,,,1582540,SC_SEPI5488685,,,,888,EGAS00001001208,1,0,0,15x whole genome sequencing in samples from the Greek isolated collection HELIC Pomak.,3597,IHTP_MWGS_HELICPomak,Homo_sapiens (GRCh38_full_analysis_set_plus_decoy_hla),,15x WGS HELIC Pomak,45,
5,14208401,EGAN00001099855,,TACCGAGC,,Standard,TACCGAGC,dw2@sanger.ac.uk eag@sanger.ac.uk ez1@sanger.ac.uk njl@sanger.ac.uk,dw2@sanger.ac.uk njl@sanger.ac.uk,eag@sanger.ac.uk,ez1@sanger.ac.uk,0,0,,,,,9606,S0823,1865,15X WGS ISOLATES     ,,,from:450 to:450,EGAN00001099855,,Homo Sapien,,,,1582551,SC_SEPI5488696,,,,888,EGAS00001001208,1,0,0,15x whole genome sequencing in samples from the Greek isolated collection HELIC Pomak.,3597,IHTP_MWGS_HELICPomak,Homo_sapiens (GRCh38_full_analysis_set_plus_decoy_hla),,15x WGS HELIC Pomak,53,
5,14208402,EGAN00001099865,,TGCTGATA,,Standard,TGCTGATA,dw2@sanger.ac.uk eag@sanger.ac.uk ez1@sanger.ac.uk njl@sanger.ac.uk,dw2@sanger.ac.uk njl@sanger.ac.uk,eag@sanger.ac.uk,ez1@sanger.ac.uk,0,0,,,,,9606,S0823,1865,15X WGS ISOLATES     ,,,from:450 to:450,EGAN00001099865,,Homo Sapien,,,,1582561,SC_SEPI5488706,,,,888,EGAS00001001208,1,0,0,15x whole genome sequencing in samples from the Greek isolated collection HELIC Pomak.,3597,IHTP_MWGS_HELICPomak,Homo_sapiens (GRCh38_full_analysis_set_plus_decoy_hla),,15x WGS HELIC Pomak,61,
5,14208403,EGAN00001099875,,GGTGAGTT,,Standard,GGTGAGTT,dw2@sanger.ac.uk eag@sanger.ac.uk ez1@sanger.ac.uk njl@sanger.ac.uk,dw2@sanger.ac.uk njl@sanger.ac.uk,eag@sanger.ac.uk,ez1@sanger.ac.uk,0,0,,,,,9606,S0823,1865,15X WGS ISOLATES     ,,,from:450 to:450,EGAN00001099875,,Homo Sapien,,,,1582571,SC_SEPI5488716,,,,888,EGAS00001001208,1,0,0,15x whole genome sequencing in samples from the Greek isolated collection HELIC Pomak.,3597,IHTP_MWGS_HELICPomak,Homo_sapiens (GRCh38_full_analysis_set_plus_decoy_hla),,15x WGS HELIC Pomak,69,
5,14208404,EGAN00001099886,,GAGGTGCT,,Standard,GAGGTGCT,dw2@sanger.ac.uk eag@sanger.ac.uk ez1@sanger.ac.uk njl@sanger.ac.uk,dw2@sanger.ac.uk njl@sanger.ac.uk,eag@sanger.ac.uk,ez1@sanger.ac.uk,0,0,,,,,9606,S0823,1865,15X WGS ISOLATES     ,,,from:450 to:450,EGAN00001099886,,Homo Sapien,,,,1582582,SC_SEPI5488727,,,,888,EGAS00001001208,1,0,0,15x whole genome sequencing in samples from the Greek isolated collection HELIC Pomak.,3597,IHTP_MWGS_HELICPomak,Homo_sapiens (GRCh38_full_analysis_set_plus_decoy_hla),,15x WGS HELIC Pomak,77,
5,14208405,EGAN00001099896,,GAGGATGG,,Standard,GAGGATGG,dw2@sanger.ac.uk eag@sanger.ac.uk ez1@sanger.ac.uk njl@sanger.ac.uk,dw2@sanger.ac.uk njl@sanger.ac.uk,eag@sanger.ac.uk,ez1@sanger.ac.uk,0,0,,,,,9606,S0823,1865,15X WGS ISOLATES     ,,,from:450 to:450,EGAN00001099896,,Homo Sapien,,,,1582592,SC_SEPI5488737,,,,888,EGAS00001001208,1,0,0,15x whole genome sequencing in samples from the Greek isolated collection HELIC Pomak.,3597,IHTP_MWGS_HELICPomak,Homo_sapiens (GRCh38_full_analysis_set_plus_decoy_hla),,15x WGS HELIC Pomak,85,
5,14208406,EGAN00001099905,,GCACTGTC,,Standard,GCACTGTC,dw2@sanger.ac.uk eag@sanger.ac.uk ez1@sanger.ac.uk njl@sanger.ac.uk,dw2@sanger.ac.uk njl@sanger.ac.uk,eag@sanger.ac.uk,ez1@sanger.ac.uk,0,0,,,,,9606,S0823,1865,15X WGS ISOLATES     ,,,from:450 to:450,EGAN00001099905,,Homo Sapien,,,,1582601,SC_SEPI5488746,,,,888,EGAS00001001208,1,0,0,15x whole genome sequencing in samples from the Greek isolated collection HELIC Pomak.,3597,IHTP_MWGS_HELICPomak,Homo_sapiens (GRCh38_full_analysis_set_plus_decoy_hla),,15x WGS HELIC Pomak,93,
5,12172503,phiX_for_spiked_buffers,,ACAACGCAATC,,,ACAACGCAATC,hps@sanger.ac.uk,,hps@sanger.ac.uk,hps@sanger.ac.uk,1,0,,,PhiXBPS24Oct14,,10847,,,,,,,,,,,,,1255141,phiX_for_spiked_buffers,,,,888,,1,0,0,None,198,Illumina Controls,,,,888,
6,14208407,EGAN00001099796,,GCCAATGT,,Standard,GCCAATGT,dw2@sanger.ac.uk eag@sanger.ac.uk ez1@sanger.ac.uk njl@sanger.ac.uk,dw2@sanger.ac.uk njl@sanger.ac.uk,eag@sanger.ac.uk,ez1@sanger.ac.uk,0,0,,,,,9606,S0823,1865,15X WGS ISOLATES     ,,,from:450 to:450,EGAN00001099796,,Homo Sapien,,,,1582491,SC_SEPI5488636,,,,888,EGAS00001001208,1,0,0,15x whole genome sequencing in samples from the Greek isolated collection HELIC Pomak.,3597,IHTP_MWGS_HELICPomak,Homo_sapiens (GRCh38_full_analysis_set_plus_decoy_hla),,15x WGS HELIC Pomak,6,
6,14208408,EGAN00001099805,,TCTCGGTT,,Standard,TCTCGGTT,dw2@sanger.ac.uk eag@sanger.ac.uk ez1@sanger.ac.uk njl@sanger.ac.uk,dw2@sanger.ac.uk njl@sanger.ac.uk,eag@sanger.ac.uk,ez1@sanger.ac.uk,0,0,,,,,9606,S0823,1865,15X WGS ISOLATES     ,,,from:450 to:450,EGAN00001099805,,Homo Sapien,,,,1582500,SC_SEPI5488645,,,,888,EGAS00001001208,1,0,0,15x whole genome sequencing in samples from the Greek isolated collection HELIC Pomak.,3597,IHTP_MWGS_HELICPomak,Homo_sapiens (GRCh38_full_analysis_set_plus_decoy_hla),,15x WGS HELIC Pomak,14,
6,14208409,EGAN00001099815,,TGATACGT,,Standard,TGATACGT,dw2@sanger.ac.uk eag@sanger.ac.uk ez1@sanger.ac.uk njl@sanger.ac.uk,dw2@sanger.ac.uk njl@sanger.ac.uk,eag@sanger.ac.uk,ez1@sanger.ac.uk,0,0,,,,,9606,S0823,1865,15X WGS ISOLATES     ,,,from:450 to:450,EGAN00001099815,,Homo Sapien,,,,1582510,SC_SEPI5488655,,,,888,EGAS00001001208,1,0,0,15x whole genome sequencing in samples from the Greek isolated collection HELIC Pomak.,3597,IHTP_MWGS_HELICPomak,Homo_sapiens (GRCh38_full_analysis_set_plus_decoy_hla),,15x WGS HELIC Pomak,22,
6,14208410,EGAN00001099825,,TGTGGTTG,,Standard,TGTGGTTG,dw2@sanger.ac.uk eag@sanger.ac.uk ez1@sanger.ac.uk njl@sanger.ac.uk,dw2@sanger.ac.uk njl@sanger.ac.uk,eag@sanger.ac.uk,ez1@sanger.ac.uk,0,0,,,,,9606,S0823,1865,15X WGS ISOLATES     ,,,from:450 to:450,EGAN00001099825,,Homo Sapien,,,,1582520,SC_SEPI5488665,,,,888,EGAS00001001208,1,0,0,15x whole genome sequencing in samples from the Greek isolated collection HELIC Pomak.,3597,IHTP_MWGS_HELICPomak,Homo_sapiens (GRCh38_full_analysis_set_plus_decoy_hla),,15x WGS HELIC Pomak,30,
6,14208411,EGAN00001099838,,TCTCACGG,,Standard,TCTCACGG,dw2@sanger.ac.uk eag@sanger.ac.uk ez1@sanger.ac.uk njl@sanger.ac.uk,dw2@sanger.ac.uk njl@sanger.ac.uk,eag@sanger.ac.uk,ez1@sanger.ac.uk,0,0,,,,,9606,S0823,1865,15X WGS ISOLATES     ,,,from:450 to:450,EGAN00001099838,,Homo Sapien,,,,1582533,SC_SEPI5488678,,,,888,EGAS00001001208,1,0,0,15x whole genome sequencing in samples from the Greek isolated collection HELIC Pomak.,3597,IHTP_MWGS_HELICPomak,Homo_sapiens (GRCh38_full_analysis_set_plus_decoy_hla),,15x WGS HELIC Pomak,38,
6,14208412,EGAN00001099846,,TCAGATTC,,Standard,TCAGATTC,dw2@sanger.ac.uk eag@sanger.ac.uk ez1@sanger.ac.uk njl@sanger.ac.uk,dw2@sanger.ac.uk njl@sanger.ac.uk,eag@sanger.ac.uk,ez1@sanger.ac.uk,0,0,,,,,9606,S0823,1865,15X WGS ISOLATES     ,,,from:450 to:450,EGAN00001099846,,Homo Sapien,,,,1582541,SC_SEPI5488686,,,,888,EGAS00001001208,1,0,0,15x whole genome sequencing in samples from the Greek isolated collection HELIC Pomak.,3597,IHTP_MWGS_HELICPomak,Homo_sapiens (GRCh38_full_analysis_set_plus_decoy_hla),,15x WGS HELIC Pomak,46,
6,14208413,EGAN00001099857,,TGTTCTCC,,Standard,TGTTCTCC,dw2@sanger.ac.uk eag@sanger.ac.uk ez1@sanger.ac.uk njl@sanger.ac.uk,dw2@sanger.ac.uk njl@sanger.ac.uk,eag@sanger.ac.uk,ez1@sanger.ac.uk,0,0,,,,,9606,S0823,1865,15X WGS ISOLATES     ,,,from:450 to:450,EGAN00001099857,,Homo Sapien,,,,1582553,SC_SEPI5488698,,,,888,EGAS00001001208,1,0,0,15x whole genome sequencing in samples from the Greek isolated collection HELIC Pomak.,3597,IHTP_MWGS_HELICPomak,Homo_sapiens (GRCh38_full_analysis_set_plus_decoy_hla),,15x WGS HELIC Pomak,54,
6,14208414,EGAN00001099866,,TAGACGGA,,Standard,TAGACGGA,dw2@sanger.ac.uk eag@sanger.ac.uk ez1@sanger.ac.uk njl@sanger.ac.uk,dw2@sanger.ac.uk njl@sanger.ac.uk,eag@sanger.ac.uk,ez1@sanger.ac.uk,0,0,,,,,9606,S0823,1865,15X WGS ISOLATES     ,,,from:450 to:450,EGAN00001099866,,Homo Sapien,,,,1582562,SC_SEPI5488707,,,,888,EGAS00001001208,1,0,0,15x whole genome sequencing in samples from the Greek isolated collection HELIC Pomak.,3597,IHTP_MWGS_HELICPomak,Homo_sapiens (GRCh38_full_analysis_set_plus_decoy_hla),,15x WGS HELIC Pomak,62,
6,14208415,EGAN00001099877,,GATCTCTT,,Standard,GATCTCTT,dw2@sanger.ac.uk eag@sanger.ac.uk ez1@sanger.ac.uk njl@sanger.ac.uk,dw2@sanger.ac.uk njl@sanger.ac.uk,eag@sanger.ac.uk,ez1@sanger.ac.uk,0,0,,,,,9606,S0823,1865,15X WGS ISOLATES     ,,,from:450 to:450,EGAN00001099877,,Homo Sapien,,,,1582573,SC_SEPI5488718,,,,888,EGAS00001001208,1,0,0,15x whole genome sequencing in samples from the Greek isolated collection HELIC Pomak.,3597,IHTP_MWGS_HELICPomak,Homo_sapiens (GRCh38_full_analysis_set_plus_decoy_hla),,15x WGS HELIC Pomak,70,
6,14208416,EGAN00001099887,,GCATGGCT,,Standard,GCATGGCT,dw2@sanger.ac.uk eag@sanger.ac.uk ez1@sanger.ac.uk njl@sanger.ac.uk,dw2@sanger.ac.uk njl@sanger.ac.uk,eag@sanger.ac.uk,ez1@sanger.ac.uk,0,0,,,,,9606,S0823,1865,15X WGS ISOLATES     ,,,from:450 to:450,EGAN00001099887,,Homo Sapien,,,,1582583,SC_SEPI5488728,,,,888,EGAS00001001208,1,0,0,15x whole genome sequencing in samples from the Greek isolated collection HELIC Pomak.,3597,IHTP_MWGS_HELICPomak,Homo_sapiens (GRCh38_full_analysis_set_plus_decoy_hla),,15x WGS HELIC Pomak,78,
6,14208417,EGAN00001099897,,GTTGTCGG,,Standard,GTTGTCGG,dw2@sanger.ac.uk eag@sanger.ac.uk ez1@sanger.ac.uk njl@sanger.ac.uk,dw2@sanger.ac.uk njl@sanger.ac.uk,eag@sanger.ac.uk,ez1@sanger.ac.uk,0,0,,,,,9606,S0823,1865,15X WGS ISOLATES     ,,,from:450 to:450,EGAN00001099897,,Homo Sapien,,,,1582593,SC_SEPI5488738,,,,888,EGAS00001001208,1,0,0,15x whole genome sequencing in samples from the Greek isolated collection HELIC Pomak.,3597,IHTP_MWGS_HELICPomak,Homo_sapiens (GRCh38_full_analysis_set_plus_decoy_hla),,15x WGS HELIC Pomak,86,
6,14208418,EGAN00001099906,,GCTAACTC,,Standard,GCTAACTC,dw2@sanger.ac.uk eag@sanger.ac.uk ez1@sanger.ac.uk njl@sanger.ac.uk,dw2@sanger.ac.uk njl@sanger.ac.uk,eag@sanger.ac.uk,ez1@sanger.ac.uk,0,0,,,,,9606,S0823,1865,15X WGS ISOLATES     ,,,from:450 to:450,EGAN00001099906,,Homo Sapien,,,,1582602,SC_SEPI5488747,,,,888,EGAS00001001208,1,0,0,15x whole genome sequencing in samples from the Greek isolated collection HELIC Pomak.,3597,IHTP_MWGS_HELICPomak,Homo_sapiens (GRCh38_full_analysis_set_plus_decoy_hla),,15x WGS HELIC Pomak,94,
6,12172503,phiX_for_spiked_buffers,,ACAACGCAATC,,,ACAACGCAATC,hps@sanger.ac.uk,,hps@sanger.ac.uk,hps@sanger.ac.uk,1,0,,,PhiXBPS24Oct14,,10847,,,,,,,,,,,,,1255141,phiX_for_spiked_buffers,,,,888,,1,0,0,None,198,Illumina Controls,,,,888,
7,14208419,EGAN00001099797,,CAGATCTG,,Standard,CAGATCTG,dw2@sanger.ac.uk eag@sanger.ac.uk ez1@sanger.ac.uk njl@sanger.ac.uk,dw2@sanger.ac.uk njl@sanger.ac.uk,eag@sanger.ac.uk,ez1@sanger.ac.uk,0,0,,,,,9606,S0823,1865,15X WGS ISOLATES     ,,,from:450 to:450,EGAN00001099797,,Homo Sapien,,,,1582492,SC_SEPI5488637,,,,888,EGAS00001001208,1,0,0,15x whole genome sequencing in samples from the Greek isolated collection HELIC Pomak.,3597,IHTP_MWGS_HELICPomak,Homo_sapiens (GRCh38_full_analysis_set_plus_decoy_hla),,15x WGS HELIC Pomak,7,
7,14208420,EGAN00001099806,,TAAGCGTT,,Standard,TAAGCGTT,dw2@sanger.ac.uk eag@sanger.ac.uk ez1@sanger.ac.uk njl@sanger.ac.uk,dw2@sanger.ac.uk njl@sanger.ac.uk,eag@sanger.ac.uk,ez1@sanger.ac.uk,0,0,,,,,9606,S0823,1865,15X WGS ISOLATES     ,,,from:450 to:450,EGAN00001099806,,Homo Sapien,,,,1582501,SC_SEPI5488646,,,,888,EGAS00001001208,1,0,0,15x whole genome sequencing in samples from the Greek isolated collection HELIC Pomak.,3597,IHTP_MWGS_HELICPomak,Homo_sapiens (GRCh38_full_analysis_set_plus_decoy_hla),,15x WGS HELIC Pomak,15,
8,14208431,EGAN00001099798,,ACTTGATG,,Standard,ACTTGATG,dw2@sanger.ac.uk eag@sanger.ac.uk ez1@sanger.ac.uk njl@sanger.ac.uk,dw2@sanger.ac.uk njl@sanger.ac.uk,eag@sanger.ac.uk,ez1@sanger.ac.uk,0,0,,,,,9606,S0823,1865,15X WGS ISOLATES     ,,,from:450 to:450,EGAN00001099798,,Homo Sapien,,,,1582493,SC_SEPI5488638,,,,888,EGAS00001001208,1,0,0,15x whole genome sequencing in samples from the Greek isolated collection HELIC Pomak.,3597,IHTP_MWGS_HELICPomak,Homo_sapiens (GRCh38_full_analysis_set_plus_decoy_hla),,15x WGS HELIC Pomak,8,
8,14208432,EGAN00001099808,,TCCGTCTT,,Standard,TCCGTCTT,dw2@sanger.ac.uk eag@sanger.ac.uk ez1@sanger.ac.uk njl@sanger.ac.uk,dw2@sanger.ac.uk njl@sanger.ac.uk,eag@sanger.ac.uk,ez1@sanger.ac.uk,0,0,,,,,9606,S0823,1865,15X WGS ISOLATES     ,,,from:450 to:450,EGAN00001099808,,Homo Sapien,,,,1582503,SC_SEPI5488648,,,,888,EGAS00001001208,1,0,0,15x whole genome sequencing in samples from the Greek isolated collection HELIC Pomak.,3597,IHTP_MWGS_HELICPomak,Homo_sapiens (GRCh38_full_analysis_set_plus_decoy_hla),,15x WGS HELIC Pomak,16,
8,14208433,EGAN00001099817,,TTGACTCT,,Standard,TTGACTCT,dw2@sanger.ac.uk eag@sanger.ac.uk ez1@sanger.ac.uk njl@sanger.ac.uk,dw2@sanger.ac.uk njl@sanger.ac.uk,eag@sanger.ac.uk,ez1@sanger.ac.uk,0,0,,,,,9606,S0823,1865,15X WGS ISOLATES     ,,,from:450 to:450,EGAN00001099817,,Homo Sapien,,,,1582512,SC_SEPI5488657,,,,888,EGAS00001001208,1,0,0,15x whole genome sequencing in samples from the Greek isolated collection HELIC Pomak.,3597,IHTP_MWGS_HELICPomak,Homo_sapiens (GRCh38_full_analysis_set_plus_decoy_hla),,15x WGS HELIC Pomak,24,
8,14208434,EGAN00001099827,,TTCCATTG,,Standard,TTCCATTG,dw2@sanger.ac.uk eag@sanger.ac.uk ez1@sanger.ac.uk njl@sanger.ac.uk,dw2@sanger.ac.uk njl@sanger.ac.uk,eag@sanger.ac.uk,ez1@sanger.ac.uk,0,0,,,,,9606,S0823,1865,15X WGS ISOLATES     ,,,from:450 to:450,EGAN00001099827,,Homo Sapien,,,,1582522,SC_SEPI5488667,,,,888,EGAS00001001208,1,0,0,15x whole genome sequencing in samples from the Greek isolated collection HELIC Pomak.,3597,IHTP_MWGS_HELICPomak,Homo_sapiens (GRCh38_full_analysis_set_plus_decoy_hla),,15x WGS HELIC Pomak,32,
8,14208435,EGAN00001099840,,TAAGTTCG,,Standard,TAAGTTCG,dw2@sanger.ac.uk eag@sanger.ac.uk ez1@sanger.ac.uk njl@sanger.ac.uk,dw2@sanger.ac.uk njl@sanger.ac.uk,eag@sanger.ac.uk,ez1@sanger.ac.uk,0,0,,,,,9606,S0823,1865,15X WGS ISOLATES     ,,,from:450 to:450,EGAN00001099840,,Homo Sapien,,,,1582535,SC_SEPI5488680,,,,888,EGAS00001001208,1,0,0,15x whole genome sequencing in samples from the Greek isolated collection HELIC Pomak.,3597,IHTP_MWGS_HELICPomak,Homo_sapiens (GRCh38_full_analysis_set_plus_decoy_hla),,15x WGS HELIC Pomak,40,
8,14208436,EGAN00001099848,,TTCAGCTC,,Standard,TTCAGCTC,dw2@sanger.ac.uk eag@sanger.ac.uk ez1@sanger.ac.uk njl@sanger.ac.uk,dw2@sanger.ac.uk njl@sanger.ac.uk,eag@sanger.ac.uk,ez1@sanger.ac.uk,0,0,,,,,9606,S0823,1865,15X WGS ISOLATES     ,,,from:450 to:450,EGAN00001099848,,Homo Sapien,,,,1582543,SC_SEPI5488688,,,,888,EGAS00001001208,1,0,0,15x whole genome sequencing in samples from the Greek isolated collection HELIC Pomak.,3597,IHTP_MWGS_HELICPomak,Homo_sapiens (GRCh38_full_analysis_set_plus_decoy_hla),,15x WGS HELIC Pomak,48,
8,14208437,EGAN00001099860,,TTGCGTAC,,Standard,TTGCGTAC,dw2@sanger.ac.uk eag@sanger.ac.uk ez1@sanger.ac.uk njl@sanger.ac.uk,dw2@sanger.ac.uk njl@sanger.ac.uk,eag@sanger.ac.uk,ez1@sanger.ac.uk,0,0,,,,,9606,S0823,1865,15X WGS ISOLATES     ,,,from:450 to:450,EGAN00001099860,,Homo Sapien,,,,1582556,SC_SEPI5488701,,,,888,EGAS00001001208,1,0,0,15x whole genome sequencing in samples from the Greek isolated collection HELIC Pomak.,3597,IHTP_MWGS_HELICPomak,Homo_sapiens (GRCh38_full_analysis_set_plus_decoy_hla),,15x WGS HELIC Pomak,56,
8,14208438,EGAN00001099868,,TCTCTTCA,,Standard,TCTCTTCA,dw2@sanger.ac.uk eag@sanger.ac.uk ez1@sanger.ac.uk njl@sanger.ac.uk,dw2@sanger.ac.uk njl@sanger.ac.uk,eag@sanger.ac.uk,ez1@sanger.ac.uk,0,0,,,,,9606,S0823,1865,15X WGS ISOLATES     ,,,from:450 to:450,EGAN00001099868,,Homo Sapien,,,,1582564,SC_SEPI5488709,,,,888,EGAS00001001208,1,0,0,15x whole genome sequencing in samples from the Greek isolated collection HELIC Pomak.,3597,IHTP_MWGS_HELICPomak,Homo_sapiens (GRCh38_full_analysis_set_plus_decoy_hla),,15x WGS HELIC Pomak,64,
8,14208439,EGAN00001099880,,GACGGATT,,Standard,GACGGATT,dw2@sanger.ac.uk eag@sanger.ac.uk ez1@sanger.ac.uk njl@sanger.ac.uk,dw2@sanger.ac.uk njl@sanger.ac.uk,eag@sanger.ac.uk,ez1@sanger.ac.uk,0,0,,,,,9606,S0823,1865,15X WGS ISOLATES     ,,,from:450 to:450,EGAN00001099880,,Homo Sapien,,,,1582576,SC_SEPI5488721,,,,888,EGAS00001001208,1,0,0,15x whole genome sequencing in samples from the Greek isolated collection HELIC Pomak.,3597,IHTP_MWGS_HELICPomak,Homo_sapiens (GRCh38_full_analysis_set_plus_decoy_hla),,15x WGS HELIC Pomak,72,
8,14208440,EGAN00001099889,,GTCGCTAT,,Standard,GTCGCTAT,dw2@sanger.ac.uk eag@sanger.ac.uk ez1@sanger.ac.uk njl@sanger.ac.uk,dw2@sanger.ac.uk njl@sanger.ac.uk,eag@sanger.ac.uk,ez1@sanger.ac.uk,0,0,,,,,9606,S0823,1865,15X WGS ISOLATES     ,,,from:450 to:450,EGAN00001099889,,Homo Sapien,,,,1582585,SC_SEPI5488730,,,,888,EGAS00001001208,1,0,0,15x whole genome sequencing in samples from the Greek isolated collection HELIC Pomak.,3597,IHTP_MWGS_HELICPomak,Homo_sapiens (GRCh38_full_analysis_set_plus_decoy_hla),,15x WGS HELIC Pomak,80,
8,14208441,EGAN00001099900,,GATAGAGG,,Standard,GATAGAGG,dw2@sanger.ac.uk eag@sanger.ac.uk ez1@sanger.ac.uk njl@sanger.ac.uk,dw2@sanger.ac.uk njl@sanger.ac.uk,eag@sanger.ac.uk,ez1@sanger.ac.uk,0,0,,,,,9606,S0823,1865,15X WGS ISOLATES     ,,,from:450 to:450,EGAN00001099900,,Homo Sapien,,,,1582596,SC_SEPI5488741,,,,888,EGAS00001001208,1,0,0,15x whole genome sequencing in samples from the Greek isolated collection HELIC Pomak.,3597,IHTP_MWGS_HELICPomak,Homo_sapiens (GRCh38_full_analysis_set_plus_decoy_hla),,15x WGS HELIC Pomak,88,
8,14208442,EGAN00001099908,,GTCTTGGC,,Standard,GTCTTGGC,dw2@sanger.ac.uk eag@sanger.ac.uk ez1@sanger.ac.uk njl@sanger.ac.uk,dw2@sanger.ac.uk njl@sanger.ac.uk,eag@sanger.ac.uk,ez1@sanger.ac.uk,0,0,,,,,9606,S0823,1865,15X WGS ISOLATES     ,,,from:450 to:450,EGAN00001099908,,Homo Sapien,,,,1582604,SC_SEPI5488749,,,,888,EGAS00001001208,1,0,0,15x whole genome sequencing in samples from the Greek isolated collection HELIC Pomak.,3597,IHTP_MWGS_HELICPomak,Homo_sapiens (GRCh38_full_analysis_set_plus_decoy_hla),,15x WGS HELIC Pomak,96,
8,12172503,phiX_for_spiked_buffers,,ACAACGCAATC,,,ACAACGCAATC,hps@sanger.ac.uk,,hps@sanger.ac.uk,hps@sanger.ac.uk,1,0,,,PhiXBPS24Oct14,,10847,,,,,,,,,,,,,1255141,phiX_for_spiked_buffers,,,,888,,1,0,0,None,198,Illumina Controls,,,,888,
