[Data],,,,,,,,,,,,,,,,,,,,,,,,,,,,,,,,,,,,,,,,,,,,,,,,,
Lane,Sample_ID,Sample_Name,GenomeFolder,Index,bait_name,default_library_type,default_tag_sequence,default_tagtwo_sequence,email_addresses,email_addresses_of_followers,email_addresses_of_managers,email_addresses_of_owners,is_control,is_pool,lane_id,lane_priority,library_name,organism,organism_taxon_id,project_cost_code,project_id,project_name,qc_state,request_id,required_insert_size_range,sample_accession_number,sample_cohort,sample_common_name,sample_consent_withdrawn,sample_description,sample_donor_id,sample_id,sample_name,sample_public_name,sample_reference_genome,sample_supplier_name,spiked_phix_tag_index,study_accession_number,study_alignments_in_bam,study_contains_nonconsented_human,study_contains_nonconsented_xahuman,study_description,study_id,study_name,study_reference_genome,study_separate_y_chromosome_data,study_title,tag_index,
1,15324765,ERS846664,,ATCACGTT,,qPCR only,ATCACGTT,,in1@sanger.ac.uk ncb@sanger.ac.uk,,ncb@sanger.ac.uk,in1@sanger.ac.uk,0,0,,, 15324765,,9606,S0313,1975,CRISPR Screen in Glioblastoma,,,from:352 to:400,ERS846664,,Homo Sapien,,,,2404897,GBM_CRISPR6201295,,,,888,ERP012100,1,0,0,This is an in vitro genome-wide CRISPR%2Fcas9 screen in human glioblastoma stem cells%2C screening for genes essential for survival of these cells. These cells express cas9 and have been transfected with a guide RNA library causing gene knockouts. We will analyse the sequencing data for depletion of guide RNAs.%0A%0AThis data is part of a pre-publication release. For information on the proper use of pre-publication data shared by the Wellcome Trust Sanger Institute (including details of any publication moratoria)%2C please see http%3A%2F%2Fwww.sanger.ac.uk%2Fdatasharing%2F,3904,CRISPR screen in GBM,Homo_sapiens (GRCh38_15),,CRISPR Screening in Glioblastoma,1,
1,15324766,ERS846665,,CGATGTTT,,qPCR only,CGATGTTT,,in1@sanger.ac.uk ncb@sanger.ac.uk,,ncb@sanger.ac.uk,in1@sanger.ac.uk,0,0,,, 15324766,,9606,S0313,1975,CRISPR Screen in Glioblastoma,,,from:352 to:400,ERS846665,,Homo Sapien,,,,2404898,GBM_CRISPR6201296,,,,888,ERP012100,1,0,0,This is an in vitro genome-wide CRISPR%2Fcas9 screen in human glioblastoma stem cells%2C screening for genes essential for survival of these cells. These cells express cas9 and have been transfected with a guide RNA library causing gene knockouts. We will analyse the sequencing data for depletion of guide RNAs.%0A%0AThis data is part of a pre-publication release. For information on the proper use of pre-publication data shared by the Wellcome Trust Sanger Institute (including details of any publication moratoria)%2C please see http%3A%2F%2Fwww.sanger.ac.uk%2Fdatasharing%2F,3904,CRISPR screen in GBM,Homo_sapiens (GRCh38_15),,CRISPR Screening in Glioblastoma,2,
1,15324767,ERS846666,,TTAGGCAT,,qPCR only,TTAGGCAT,,in1@sanger.ac.uk ncb@sanger.ac.uk,,ncb@sanger.ac.uk,in1@sanger.ac.uk,0,0,,, 15324767,,9606,S0313,1975,CRISPR Screen in Glioblastoma,,,from:352 to:400,ERS846666,,Homo Sapien,,,,2404899,GBM_CRISPR6201297,,,,888,ERP012100,1,0,0,This is an in vitro genome-wide CRISPR%2Fcas9 screen in human glioblastoma stem cells%2C screening for genes essential for survival of these cells. These cells express cas9 and have been transfected with a guide RNA library causing gene knockouts. We will analyse the sequencing data for depletion of guide RNAs.%0A%0AThis data is part of a pre-publication release. For information on the proper use of pre-publication data shared by the Wellcome Trust Sanger Institute (including details of any publication moratoria)%2C please see http%3A%2F%2Fwww.sanger.ac.uk%2Fdatasharing%2F,3904,CRISPR screen in GBM,Homo_sapiens (GRCh38_15),,CRISPR Screening in Glioblastoma,3,
1,15324768,ERS846667,,TGACCACT,,qPCR only,TGACCACT,,in1@sanger.ac.uk ncb@sanger.ac.uk,,ncb@sanger.ac.uk,in1@sanger.ac.uk,0,0,,, 15324768,,9606,S0313,1975,CRISPR Screen in Glioblastoma,,,from:352 to:400,ERS846667,,Homo Sapien,,,,2404900,GBM_CRISPR6201298,,,,888,ERP012100,1,0,0,This is an in vitro genome-wide CRISPR%2Fcas9 screen in human glioblastoma stem cells%2C screening for genes essential for survival of these cells. These cells express cas9 and have been transfected with a guide RNA library causing gene knockouts. We will analyse the sequencing data for depletion of guide RNAs.%0A%0AThis data is part of a pre-publication release. For information on the proper use of pre-publication data shared by the Wellcome Trust Sanger Institute (including details of any publication moratoria)%2C please see http%3A%2F%2Fwww.sanger.ac.uk%2Fdatasharing%2F,3904,CRISPR screen in GBM,Homo_sapiens (GRCh38_15),,CRISPR Screening in Glioblastoma,4,
1,15324759,ERS904687,,ACAGTGGT,,qPCR only,ACAGTGGT,,in1@sanger.ac.uk ncb@sanger.ac.uk,,ncb@sanger.ac.uk,in1@sanger.ac.uk,0,0,,, 15324759,,9606,S0313,1975,CRISPR Screen in Glioblastoma,,,from:352 to:400,ERS904687,,Homo Sapien,,,,2412227,GBM_CRISPR6207760,,,,888,ERP012100,1,0,0,This is an in vitro genome-wide CRISPR%2Fcas9 screen in human glioblastoma stem cells%2C screening for genes essential for survival of these cells. These cells express cas9 and have been transfected with a guide RNA library causing gene knockouts. We will analyse the sequencing data for depletion of guide RNAs.%0A%0AThis data is part of a pre-publication release. For information on the proper use of pre-publication data shared by the Wellcome Trust Sanger Institute (including details of any publication moratoria)%2C please see http%3A%2F%2Fwww.sanger.ac.uk%2Fdatasharing%2F,3904,CRISPR screen in GBM,Homo_sapiens (GRCh38_15),,CRISPR Screening in Glioblastoma,5,
1,15324760,ERS904688,,GCCAATGT,,qPCR only,GCCAATGT,,in1@sanger.ac.uk ncb@sanger.ac.uk,,ncb@sanger.ac.uk,in1@sanger.ac.uk,0,0,,, 15324760,,9606,S0313,1975,CRISPR Screen in Glioblastoma,,,from:352 to:400,ERS904688,,Homo Sapien,,,,2412228,GBM_CRISPR6207761,,,,888,ERP012100,1,0,0,This is an in vitro genome-wide CRISPR%2Fcas9 screen in human glioblastoma stem cells%2C screening for genes essential for survival of these cells. These cells express cas9 and have been transfected with a guide RNA library causing gene knockouts. We will analyse the sequencing data for depletion of guide RNAs.%0A%0AThis data is part of a pre-publication release. For information on the proper use of pre-publication data shared by the Wellcome Trust Sanger Institute (including details of any publication moratoria)%2C please see http%3A%2F%2Fwww.sanger.ac.uk%2Fdatasharing%2F,3904,CRISPR screen in GBM,Homo_sapiens (GRCh38_15),,CRISPR Screening in Glioblastoma,6,
1,15324761,ERS904689,,CAGATCTG,,qPCR only,CAGATCTG,,in1@sanger.ac.uk ncb@sanger.ac.uk,,ncb@sanger.ac.uk,in1@sanger.ac.uk,0,0,,, 15324761,,9606,S0313,1975,CRISPR Screen in Glioblastoma,,,from:352 to:400,ERS904689,,Homo Sapien,,,,2412229,GBM_CRISPR6207762,,,,888,ERP012100,1,0,0,This is an in vitro genome-wide CRISPR%2Fcas9 screen in human glioblastoma stem cells%2C screening for genes essential for survival of these cells. These cells express cas9 and have been transfected with a guide RNA library causing gene knockouts. We will analyse the sequencing data for depletion of guide RNAs.%0A%0AThis data is part of a pre-publication release. For information on the proper use of pre-publication data shared by the Wellcome Trust Sanger Institute (including details of any publication moratoria)%2C please see http%3A%2F%2Fwww.sanger.ac.uk%2Fdatasharing%2F,3904,CRISPR screen in GBM,Homo_sapiens (GRCh38_15),,CRISPR Screening in Glioblastoma,7,
1,15324762,ERS904690,,ACTTGATG,,qPCR only,ACTTGATG,,in1@sanger.ac.uk ncb@sanger.ac.uk,,ncb@sanger.ac.uk,in1@sanger.ac.uk,0,0,,, 15324762,,9606,S0313,1975,CRISPR Screen in Glioblastoma,,,from:352 to:400,ERS904690,,Homo Sapien,,,,2412230,GBM_CRISPR6207763,,,,888,ERP012100,1,0,0,This is an in vitro genome-wide CRISPR%2Fcas9 screen in human glioblastoma stem cells%2C screening for genes essential for survival of these cells. These cells express cas9 and have been transfected with a guide RNA library causing gene knockouts. We will analyse the sequencing data for depletion of guide RNAs.%0A%0AThis data is part of a pre-publication release. For information on the proper use of pre-publication data shared by the Wellcome Trust Sanger Institute (including details of any publication moratoria)%2C please see http%3A%2F%2Fwww.sanger.ac.uk%2Fdatasharing%2F,3904,CRISPR screen in GBM,Homo_sapiens (GRCh38_15),,CRISPR Screening in Glioblastoma,8,
1,15324763,ERS904691,,GATCAGCG,,qPCR only,GATCAGCG,,in1@sanger.ac.uk ncb@sanger.ac.uk,,ncb@sanger.ac.uk,in1@sanger.ac.uk,0,0,,, 15324763,,9606,S0313,1975,CRISPR Screen in Glioblastoma,,,from:352 to:400,ERS904691,,Homo Sapien,,,,2412231,GBM_CRISPR6207764,,,,888,ERP012100,1,0,0,This is an in vitro genome-wide CRISPR%2Fcas9 screen in human glioblastoma stem cells%2C screening for genes essential for survival of these cells. These cells express cas9 and have been transfected with a guide RNA library causing gene knockouts. We will analyse the sequencing data for depletion of guide RNAs.%0A%0AThis data is part of a pre-publication release. For information on the proper use of pre-publication data shared by the Wellcome Trust Sanger Institute (including details of any publication moratoria)%2C please see http%3A%2F%2Fwww.sanger.ac.uk%2Fdatasharing%2F,3904,CRISPR screen in GBM,Homo_sapiens (GRCh38_15),,CRISPR Screening in Glioblastoma,9,
1,15324764,ERS904692,,TAGCTTGT,,qPCR only,TAGCTTGT,,in1@sanger.ac.uk ncb@sanger.ac.uk,,ncb@sanger.ac.uk,in1@sanger.ac.uk,0,0,,, 15324764,,9606,S0313,1975,CRISPR Screen in Glioblastoma,,,from:352 to:400,ERS904692,,Homo Sapien,,,,2412232,GBM_CRISPR6207765,,,,888,ERP012100,1,0,0,This is an in vitro genome-wide CRISPR%2Fcas9 screen in human glioblastoma stem cells%2C screening for genes essential for survival of these cells. These cells express cas9 and have been transfected with a guide RNA library causing gene knockouts. We will analyse the sequencing data for depletion of guide RNAs.%0A%0AThis data is part of a pre-publication release. For information on the proper use of pre-publication data shared by the Wellcome Trust Sanger Institute (including details of any publication moratoria)%2C please see http%3A%2F%2Fwww.sanger.ac.uk%2Fdatasharing%2F,3904,CRISPR screen in GBM,Homo_sapiens (GRCh38_15),,CRISPR Screening in Glioblastoma,10,
1,12172503,phiX_for_spiked_buffers,,ACAACGCAATC,,,ACAACGCAATC,,hps@sanger.ac.uk,,hps@sanger.ac.uk,hps@sanger.ac.uk,1,0,,,PhiXBPS24Oct14,,10847,,,,,,,,,,,,,1255141,phiX_for_spiked_buffers,,,,888,,1,0,0,None,198,Illumina Controls,,,,888,
2,15324765,ERS846664,,ATCACGTT,,qPCR only,ATCACGTT,,in1@sanger.ac.uk ncb@sanger.ac.uk,,ncb@sanger.ac.uk,in1@sanger.ac.uk,0,0,,, 15324765,,9606,S0313,1975,CRISPR Screen in Glioblastoma,,,from:352 to:400,ERS846664,,Homo Sapien,,,,2404897,GBM_CRISPR6201295,,,,888,ERP012100,1,0,0,This is an in vitro genome-wide CRISPR%2Fcas9 screen in human glioblastoma stem cells%2C screening for genes essential for survival of these cells. These cells express cas9 and have been transfected with a guide RNA library causing gene knockouts. We will analyse the sequencing data for depletion of guide RNAs.%0A%0AThis data is part of a pre-publication release. For information on the proper use of pre-publication data shared by the Wellcome Trust Sanger Institute (including details of any publication moratoria)%2C please see http%3A%2F%2Fwww.sanger.ac.uk%2Fdatasharing%2F,3904,CRISPR screen in GBM,Homo_sapiens (GRCh38_15),,CRISPR Screening in Glioblastoma,1,
2,15324766,ERS846665,,CGATGTTT,,qPCR only,CGATGTTT,,in1@sanger.ac.uk ncb@sanger.ac.uk,,ncb@sanger.ac.uk,in1@sanger.ac.uk,0,0,,, 15324766,,9606,S0313,1975,CRISPR Screen in Glioblastoma,,,from:352 to:400,ERS846665,,Homo Sapien,,,,2404898,GBM_CRISPR6201296,,,,888,ERP012100,1,0,0,This is an in vitro genome-wide CRISPR%2Fcas9 screen in human glioblastoma stem cells%2C screening for genes essential for survival of these cells. These cells express cas9 and have been transfected with a guide RNA library causing gene knockouts. We will analyse the sequencing data for depletion of guide RNAs.%0A%0AThis data is part of a pre-publication release. For information on the proper use of pre-publication data shared by the Wellcome Trust Sanger Institute (including details of any publication moratoria)%2C please see http%3A%2F%2Fwww.sanger.ac.uk%2Fdatasharing%2F,3904,CRISPR screen in GBM,Homo_sapiens (GRCh38_15),,CRISPR Screening in Glioblastoma,2,
2,15324767,ERS846666,,TTAGGCAT,,qPCR only,TTAGGCAT,,in1@sanger.ac.uk ncb@sanger.ac.uk,,ncb@sanger.ac.uk,in1@sanger.ac.uk,0,0,,, 15324767,,9606,S0313,1975,CRISPR Screen in Glioblastoma,,,from:352 to:400,ERS846666,,Homo Sapien,,,,2404899,GBM_CRISPR6201297,,,,888,ERP012100,1,0,0,This is an in vitro genome-wide CRISPR%2Fcas9 screen in human glioblastoma stem cells%2C screening for genes essential for survival of these cells. These cells express cas9 and have been transfected with a guide RNA library causing gene knockouts. We will analyse the sequencing data for depletion of guide RNAs.%0A%0AThis data is part of a pre-publication release. For information on the proper use of pre-publication data shared by the Wellcome Trust Sanger Institute (including details of any publication moratoria)%2C please see http%3A%2F%2Fwww.sanger.ac.uk%2Fdatasharing%2F,3904,CRISPR screen in GBM,Homo_sapiens (GRCh38_15),,CRISPR Screening in Glioblastoma,3,
2,15324768,ERS846667,,TGACCACT,,qPCR only,TGACCACT,,in1@sanger.ac.uk ncb@sanger.ac.uk,,ncb@sanger.ac.uk,in1@sanger.ac.uk,0,0,,, 15324768,,9606,S0313,1975,CRISPR Screen in Glioblastoma,,,from:352 to:400,ERS846667,,Homo Sapien,,,,2404900,GBM_CRISPR6201298,,,,888,ERP012100,1,0,0,This is an in vitro genome-wide CRISPR%2Fcas9 screen in human glioblastoma stem cells%2C screening for genes essential for survival of these cells. These cells express cas9 and have been transfected with a guide RNA library causing gene knockouts. We will analyse the sequencing data for depletion of guide RNAs.%0A%0AThis data is part of a pre-publication release. For information on the proper use of pre-publication data shared by the Wellcome Trust Sanger Institute (including details of any publication moratoria)%2C please see http%3A%2F%2Fwww.sanger.ac.uk%2Fdatasharing%2F,3904,CRISPR screen in GBM,Homo_sapiens (GRCh38_15),,CRISPR Screening in Glioblastoma,4,
2,15324759,ERS904687,,ACAGTGGT,,qPCR only,ACAGTGGT,,in1@sanger.ac.uk ncb@sanger.ac.uk,,ncb@sanger.ac.uk,in1@sanger.ac.uk,0,0,,, 15324759,,9606,S0313,1975,CRISPR Screen in Glioblastoma,,,from:352 to:400,ERS904687,,Homo Sapien,,,,2412227,GBM_CRISPR6207760,,,,888,ERP012100,1,0,0,This is an in vitro genome-wide CRISPR%2Fcas9 screen in human glioblastoma stem cells%2C screening for genes essential for survival of these cells. These cells express cas9 and have been transfected with a guide RNA library causing gene knockouts. We will analyse the sequencing data for depletion of guide RNAs.%0A%0AThis data is part of a pre-publication release. For information on the proper use of pre-publication data shared by the Wellcome Trust Sanger Institute (including details of any publication moratoria)%2C please see http%3A%2F%2Fwww.sanger.ac.uk%2Fdatasharing%2F,3904,CRISPR screen in GBM,Homo_sapiens (GRCh38_15),,CRISPR Screening in Glioblastoma,5,
2,15324760,ERS904688,,GCCAATGT,,qPCR only,GCCAATGT,,in1@sanger.ac.uk ncb@sanger.ac.uk,,ncb@sanger.ac.uk,in1@sanger.ac.uk,0,0,,, 15324760,,9606,S0313,1975,CRISPR Screen in Glioblastoma,,,from:352 to:400,ERS904688,,Homo Sapien,,,,2412228,GBM_CRISPR6207761,,,,888,ERP012100,1,0,0,This is an in vitro genome-wide CRISPR%2Fcas9 screen in human glioblastoma stem cells%2C screening for genes essential for survival of these cells. These cells express cas9 and have been transfected with a guide RNA library causing gene knockouts. We will analyse the sequencing data for depletion of guide RNAs.%0A%0AThis data is part of a pre-publication release. For information on the proper use of pre-publication data shared by the Wellcome Trust Sanger Institute (including details of any publication moratoria)%2C please see http%3A%2F%2Fwww.sanger.ac.uk%2Fdatasharing%2F,3904,CRISPR screen in GBM,Homo_sapiens (GRCh38_15),,CRISPR Screening in Glioblastoma,6,
2,15324761,ERS904689,,CAGATCTG,,qPCR only,CAGATCTG,,in1@sanger.ac.uk ncb@sanger.ac.uk,,ncb@sanger.ac.uk,in1@sanger.ac.uk,0,0,,, 15324761,,9606,S0313,1975,CRISPR Screen in Glioblastoma,,,from:352 to:400,ERS904689,,Homo Sapien,,,,2412229,GBM_CRISPR6207762,,,,888,ERP012100,1,0,0,This is an in vitro genome-wide CRISPR%2Fcas9 screen in human glioblastoma stem cells%2C screening for genes essential for survival of these cells. These cells express cas9 and have been transfected with a guide RNA library causing gene knockouts. We will analyse the sequencing data for depletion of guide RNAs.%0A%0AThis data is part of a pre-publication release. For information on the proper use of pre-publication data shared by the Wellcome Trust Sanger Institute (including details of any publication moratoria)%2C please see http%3A%2F%2Fwww.sanger.ac.uk%2Fdatasharing%2F,3904,CRISPR screen in GBM,Homo_sapiens (GRCh38_15),,CRISPR Screening in Glioblastoma,7,
2,15324762,ERS904690,,ACTTGATG,,qPCR only,ACTTGATG,,in1@sanger.ac.uk ncb@sanger.ac.uk,,ncb@sanger.ac.uk,in1@sanger.ac.uk,0,0,,, 15324762,,9606,S0313,1975,CRISPR Screen in Glioblastoma,,,from:352 to:400,ERS904690,,Homo Sapien,,,,2412230,GBM_CRISPR6207763,,,,888,ERP012100,1,0,0,This is an in vitro genome-wide CRISPR%2Fcas9 screen in human glioblastoma stem cells%2C screening for genes essential for survival of these cells. These cells express cas9 and have been transfected with a guide RNA library causing gene knockouts. We will analyse the sequencing data for depletion of guide RNAs.%0A%0AThis data is part of a pre-publication release. For information on the proper use of pre-publication data shared by the Wellcome Trust Sanger Institute (including details of any publication moratoria)%2C please see http%3A%2F%2Fwww.sanger.ac.uk%2Fdatasharing%2F,3904,CRISPR screen in GBM,Homo_sapiens (GRCh38_15),,CRISPR Screening in Glioblastoma,8,
2,15324763,ERS904691,,GATCAGCG,,qPCR only,GATCAGCG,,in1@sanger.ac.uk ncb@sanger.ac.uk,,ncb@sanger.ac.uk,in1@sanger.ac.uk,0,0,,, 15324763,,9606,S0313,1975,CRISPR Screen in Glioblastoma,,,from:352 to:400,ERS904691,,Homo Sapien,,,,2412231,GBM_CRISPR6207764,,,,888,ERP012100,1,0,0,This is an in vitro genome-wide CRISPR%2Fcas9 screen in human glioblastoma stem cells%2C screening for genes essential for survival of these cells. These cells express cas9 and have been transfected with a guide RNA library causing gene knockouts. We will analyse the sequencing data for depletion of guide RNAs.%0A%0AThis data is part of a pre-publication release. For information on the proper use of pre-publication data shared by the Wellcome Trust Sanger Institute (including details of any publication moratoria)%2C please see http%3A%2F%2Fwww.sanger.ac.uk%2Fdatasharing%2F,3904,CRISPR screen in GBM,Homo_sapiens (GRCh38_15),,CRISPR Screening in Glioblastoma,9,
2,15324764,ERS904692,,TAGCTTGT,,qPCR only,TAGCTTGT,,in1@sanger.ac.uk ncb@sanger.ac.uk,,ncb@sanger.ac.uk,in1@sanger.ac.uk,0,0,,, 15324764,,9606,S0313,1975,CRISPR Screen in Glioblastoma,,,from:352 to:400,ERS904692,,Homo Sapien,,,,2412232,GBM_CRISPR6207765,,,,888,ERP012100,1,0,0,This is an in vitro genome-wide CRISPR%2Fcas9 screen in human glioblastoma stem cells%2C screening for genes essential for survival of these cells. These cells express cas9 and have been transfected with a guide RNA library causing gene knockouts. We will analyse the sequencing data for depletion of guide RNAs.%0A%0AThis data is part of a pre-publication release. For information on the proper use of pre-publication data shared by the Wellcome Trust Sanger Institute (including details of any publication moratoria)%2C please see http%3A%2F%2Fwww.sanger.ac.uk%2Fdatasharing%2F,3904,CRISPR screen in GBM,Homo_sapiens (GRCh38_15),,CRISPR Screening in Glioblastoma,10,
2,12172503,phiX_for_spiked_buffers,,ACAACGCAATC,,,ACAACGCAATC,,hps@sanger.ac.uk,,hps@sanger.ac.uk,hps@sanger.ac.uk,1,0,,,PhiXBPS24Oct14,,10847,,,,,,,,,,,,,1255141,phiX_for_spiked_buffers,,,,888,,1,0,0,None,198,Illumina Controls,,,,888,
